id;creation_date;gender;phone;bio;facebook;twitter;linkedin;instagram;google_plus;birthdate;sibblings;appuser_id
1;2021-02-10T15:06:40;OTHER;296.643.7025 x58233;Organic;Metrics;Soft;programming;Technician;Buckinghamshire Avenue;2021-02-10T07:29:10;4;1
2;2021-02-10T06:57:58;OTHER;788-829-4680 x3412;orchid programming;Specialist Architect;Tasty Concrete Shoes;North Korean Won copy Causeway;Bacon Money Market Account;CFP Franc open-source silver;2021-02-10T05:22:33;9;2
3;2021-02-10T11:20:23;OTHER;1-502-078-2367;Group;reciprocal Forward revolutionary;Clothing;system Berkshire;Illinois logistical;protocol;2021-02-09T22:59:00;13;3
4;2021-02-09T22:45:13;FEMALE;(049) 658-2801;collaborative;Fantastic Soft Cheese Euro;Business-focused navigate Principal;Networked;Mouse;Estates Cotton;2021-02-10T11:52:19;7;4
5;2021-02-10T04:54:42;MALE;010.334.2842;Corporate;microchip interfaces;array;sky blue;Pizza focus group;cyan Producer Incredible;2021-02-10T05:18:33;10;5
6;2021-02-10T06:57:25;OTHER;1-524-715-8796 x7067;CFP Franc Incredible Groves;Assistant;Soap;Interactions;Yen Berkshire interface;Persevering Shirt;2021-02-10T21:56:18;16;6
7;2021-02-10T17:25:19;FEMALE;(813) 856-6326;Borders Fantastic Plastic Bacon Handcrafted;card next-generation;core maroon Tasty Plastic Chips;drive;cross-platform portals virtual;feed violet;2021-02-10T20:17:49;11;7
8;2021-02-10T03:26:55;MALE;1-725-710-2793 x8312;withdrawal;quantifying;haptic zero defect;Practical;Accounts Branding Shirt;Executive Factors;2021-02-10T16:05:40;0;8
9;2021-02-10T09:07:53;OTHER;498-264-3688 x91114;Plastic FTP;Devolved alarm;Unbranded deposit;Licensed Soft Shirt Stand-alone value-added;input Trinidad and Tobago Dollar Peso Uruguayo Uru;Ball generating lime;2021-02-10T05:15:29;5;9
10;2021-02-10T10:36:08;OTHER;837-634-1645;payment Dynamic synthesizing;Self-enabling Granite;New York quantifying overriding;Vermont;Credit Card Account;Soap withdrawal;2021-02-10T21:44:13;12;10
