id;creation_date;publication_date;headline;leadtext;bodytext;quote;conclusion;link_text;link_url;image;image_content_type;blog_id
1;2021-02-10T11:02:18;2021-02-10T05:14:59;mesh Auto Loan Account Armenia;invoice groupware world-class;Incredible Wooden Hat;copy solutions Tools;Home Loan Account;overriding Pataca;orchid New York;../fake-data/blob/hipster.png;image/png;1
2;2021-02-10T16:10:50;2021-02-10T10:23:13;synthesizing Markets;Optimized Fully-configurable methodologies;bypassing system;compress;Incredible Cotton Tuna Illinois Identity;exploit collaborative Home Loan Account;Chair;../fake-data/blob/hipster.png;image/png;2
3;2021-02-10T03:01:33;2021-02-10T03:15:15;Developer plum;withdrawal partnerships Avon;Checking Account Gorgeous Wooden Chicken;Credit Card Account innovative;Avon Fantastic Wooden Table zero tolerance;withdrawal XSS;connecting;../fake-data/blob/hipster.png;image/png;3
4;2021-02-10T03:39:47;2021-02-10T07:04:30;Home Handmade;Tasty Fundamental Keys;program out-of-the-box Qatari Rial;Fish Consultant;engineer SQL;generate local area network copy;Avon Jordan cohesive;../fake-data/blob/hipster.png;image/png;4
5;2021-02-10T06:06:32;2021-02-10T18:31:54;deposit District FTP;relationships bypassing Michigan;Savings Account Cross-group;white Saint Martin Personal Loan Account;Corner;enterprise bypassing;Savings Account Tasty Steel Cheese;../fake-data/blob/hipster.png;image/png;5
6;2021-02-10T04:00:55;2021-02-10T20:59:02;Kids;Shoes;functionalities;white applications;Moldova SAS connecting;Garden ubiquitous;Ergonomic Handmade;../fake-data/blob/hipster.png;image/png;6
7;2021-02-10T03:51:54;2021-02-10T16:32:43;pricing structure Home;cyan;Borders Cambridgeshire object-oriented;Wall;calculating Unbranded Wooden Tuna whiteboard;Berkshire deposit;compress Cambridgeshire Views;../fake-data/blob/hipster.png;image/png;7
8;2021-02-10T20:48:22;2021-02-10T20:54:30;asynchronous Ergonomic;Kentucky;Kansas;Reverse-engineered;clicks-and-mortar Books Virgin Islands, U.S.;expedite transmitter Massachusetts;fuchsia invoice;../fake-data/blob/hipster.png;image/png;8
9;2021-02-10T04:20:06;2021-02-09T22:28:26;Handmade Concrete Cheese;Zloty;Gorgeous Granite Saint Barthelemy;compressing Engineer orchestrate;copying mindshare;approach;Florida Credit Card Account Re-engineered;../fake-data/blob/hipster.png;image/png;9
10;2021-02-10T04:25:42;2021-02-10T13:25:19;array Harbors Analyst;Applications Principal;Ford;Sleek compress;Automotive Granite recontextualize;Borders ability;navigating Beauty;../fake-data/blob/hipster.png;image/png;10
