id;creation_date;vtopic_title;vtopic_description
1;2021-02-10T09:08:04;Kwanza Checking Account Practical;Compatible National
2;2021-02-10T20:24:01;Spring;generating
3;2021-02-10T19:09:58;Brand;Assurance portals Home Loan Account
4;2021-02-10T15:51:32;front-end Architect;throughput Belarussian Ruble
5;2021-02-10T03:54:58;navigate;blue synergies
6;2021-02-10T19:07:17;Refined Licensed HTTP;copying
7;2021-02-10T20:24:55;Cambridgeshire Executive;hacking generate
8;2021-02-10T08:26:29;feed Quality-focused national;SQL Universal
9;2021-02-10T01:04:30;extensible;matrix Norwegian Krone back up
10;2021-02-10T03:38:41;generating;Steel synthesizing
